"lower/upper",3,4,5,6,7,8,9,10,11,12,13,14,15,16,17,18,19,20,21,22,23,24
1,"{{0.15833723803555638, 0.002866923805743494}, {-5.218327089656416, 0.008619055186027763}}","{{0.1413717945131544, 0.0020436342994351}, {-5.190051350452413, 0.007659290297951163}}","{{0.13058050021547113, 0.0015413090883244322}, {-5.168468761857047, 0.007006511014849223}}","{{0.12303284420673448, 0.0012244490347105787}, {-5.150857564503329, 0.006542681246050353}}","{{0.11764635108567906, 0.0010305501460824524}, {-5.136493582847181, 0.006209239733383464}}","{{0.11387753526284605, 0.0008964099180745757}, {-5.125187135378683, 0.005945325620004865}}","{{0.11170612461798185, 0.0008040213236681873}, {-5.1179490998957995, 0.00572085040876085}}","{{0.11079416679248517, 0.000731599426928356}, {-5.114605254535644, 0.005527782178242409}}","{{0.11092930443660898, 0.0006706634375006049}, {-5.1151458051121415, 0.005328524380143701}}","{{0.11191093325954932, 0.0006375357995257327}, {-5.119399530011548, 0.005219630261212576}}","{{0.11348502103863392, 0.0006121638563120036}, {-5.12674527298061, 0.005137541464893395}}","{{0.11570141888028948, 0.0005877131223376169}, {-5.137827262188888, 0.005088779883581318}}","{{0.11823473068242364, 0.0005734511425763252}, {-5.151338258466938, 0.005074361720926788}}","{{0.12091155277392783, 0.0005815963211159843}, {-5.166506916985461, 0.005140355254045505}}","{{0.12377780260726276, 0.0005954933470369578}, {-5.183704415985472, 0.005248563643480109}}","{{0.12679748460658746, 0.0006086014706199216}, {-5.202829068647861, 0.00532754530561807}}","{{0.129876451817377, 0.0006239976843976931}, {-5.2233555167197885, 0.005376204082875451}}","{{0.13314179324712508, 0.0006269686494063776}, {-5.246212906728028, 0.005288838040081258}}","{{0.1363021830011418, 0.0006501506226507522}, {-5.269389098257481, 0.00531720496998617}}","{{0.13944392773776157, 0.0007277313234117724}, {-5.293475807904903, 0.005799247395583241}}","{{0.14256876569363608, 0.00083171541451291}, {-5.318474511551901, 0.006552952704957302}}","{{0.1456347540665709, 0.000957949811630322}, {-5.3440160608413905, 0.0077642004554639805}}"
2,"{{0, 0}, {0, 0}}","{{0.12229571314119216, 0.0017826223079920914}, {-5.1264644125458725, 0.00752275894149074}}","{{0.11564681238064743, 0.001370768878583284}, {-5.108734010517751, 0.006921511540784447}}","{{0.11105356910234501, 0.0011504066689254223}, {-5.094954280682845, 0.006600595394755024}}","{{0.10786466997573521, 0.000999719420022395}, {-5.084324616927479, 0.006313653721575762}}","{{0.10581381566350437, 0.0008892783834879675}, {-5.076804817782631, 0.0060739467525320065}}","{{0.10511548225726021, 0.0008188909786811534}, {-5.074011484157655, 0.005886643946843061}}","{{0.10546545432848037, 0.0007623090411576103}, {-5.075528029799609, 0.0057344926318077475}}","{{0.10669336199422919, 0.0007088043714287806}, {-5.081258265573102, 0.005549026859569394}}","{{0.10862364013813756, 0.0006769388176258672}, {-5.090909656292648, 0.005447318260299592}}","{{0.11100795806730437, 0.0006458097045546255}, {-5.103626018581538, 0.005339661854620171}}","{{0.11394642680326543, 0.0006109968356680541}, {-5.120277341418648, 0.00524118322636256}}","{{0.11709235344527943, 0.0005881582478173282}, {-5.139152901270731, 0.005182697557821954}}","{{0.12027840211393681, 0.0005986848870458905}, {-5.159331209505561, 0.0052840490179740865}}","{{0.12358207700893745, 0.0006178031494231344}, {-5.181355708805565, 0.005459513069775575}}","{{0.12698004225504408, 0.000634807269099469}, {-5.205141465528313, 0.0055937411875649325}}","{{0.1303808327505378, 0.0006523332132461805}, {-5.230080595828602, 0.00567780516418568}}","{{0.13393680160097896, 0.0006562178138838818}, {-5.257343023681982, 0.005605449105670037}}","{{0.13733372949501224, 0.0006835620051008257}, {-5.284518446834248, 0.005701116805458884}}","{{0.14067644549284616, 0.0007698121132519798}, {-5.312374413482868, 0.006344515998998593}}","{{0.14397331255788318, 0.0008857903881548103}, {-5.340947261379852, 0.007335228710584036}}","{{0.14718323514190876, 0.0010260009841811114}, {-5.369824078763685, 0.00882832058543267}}"
3,"{{0, 0}, {0, 0}}","{{0, 0}, {0, 0}}","{{0.10696615593252481, 0.0012599701784960983}, {-5.071117832575888, 0.00697553675830746}}","{{0.10441661923913438, 0.0011149184112487012}, {-5.06176953136679, 0.006831953776258619}}","{{0.10260694040716296, 0.0009935289548409082}, {-5.054530816038905, 0.006573193148478731}}","{{0.10162504451371376, 0.0009059668092062922}, {-5.050275933833958, 0.006374305470442553}}","{{0.10192397903419756, 0.0008505191061810383}, {-5.051670961596216, 0.006215478638671096}}","{{0.10315931992898726, 0.000802477219062261}, {-5.057847666070163, 0.006092626578240283}}","{{0.10517257027590204, 0.0007524424405506736}, {-5.068585001253711, 0.005914460968550966}}","{{0.10779306239225704, 0.0007209229369494163}, {-5.08343445657972, 0.0058201797765631445}}","{{0.11076190680779611, 0.0006836565961714568}, {-5.101247523072955, 0.005679449361602102}}","{{0.11423112887633549, 0.0006411675832284629}, {-5.123219262840373, 0.005540232570922304}}","{{0.1178172439135717, 0.000615748288214372}, {-5.147126696421947, 0.005476600234796468}}","{{0.12135488661085252, 0.0006303494755167398}, {-5.17189019530291, 0.005635217767650924}}","{{0.12495552022559757, 0.0006552941206792381}, {-5.198294841811044, 0.005896636834934542}}","{{0.12860655072538565, 0.0006778183565541441}, {-5.226286075642751, 0.006116521117444405}}","{{0.13221608028266146, 0.0006999858974410868}, {-5.255162312100957, 0.006279559522604689}}","{{0.13596324039069377, 0.0007066510190754766}, {-5.286388646334562, 0.0062657667012819265}}","{{0.13950443029570775, 0.0007379154885274811}, {-5.317078958844682, 0.00645011731366601}}","{{0.1429643478132554, 0.000832227905191993}, {-5.34821821650261, 0.007265810661760798}}","{{0.14635730675873318, 0.0009595086094693479}, {-5.379885833327071, 0.008498459583975307}}","{{0.1496419959026471, 0.0011131105128909416}, {-5.411623011696238, 0.010279130320484428}}"
4,"{{0, 0}, {0, 0}}","{{0, 0}, {0, 0}}","{{0, 0}, {0, 0}}","{{0.10185513164840636, 0.0012183837906691976}, {-5.048108264216244, 0.007720762113235963}}","{{0.10042135719581584, 0.0010717884752796288}, {-5.041417316770821, 0.007253279709239719}}","{{0.09992093622952654, 0.0009802117018091448}, {-5.0389152119393765, 0.006997778325224317}}","{{0.10088755168489864, 0.0009211793838960613}, {-5.044070494368025, 0.006798033567778588}}","{{0.10277196922085845, 0.0008666531093839223}, {-5.054748860405132, 0.006645831369988985}}","{{0.10538536983153307, 0.0008115320807830667}, {-5.0704292640691815, 0.006440249364726751}}","{{0.10854090473916018, 0.000775957624295161}, {-5.090414318484149, 0.00633572717133339}}","{{0.11195394956842662, 0.0007321951750136045}, {-5.11316795067926, 0.006162322709713286}}","{{0.11583720423840413, 0.0006815541371202413}, {-5.140350733369103, 0.005980025659592014}}","{{0.11975332588816812, 0.0006570827064270898}, {-5.169068958800707, 0.005949441915258903}}","{{0.12353736254278454, 0.0006777558743697719}, {-5.198079906486098, 0.006197819870444583}}","{{0.12734059011221788, 0.0007082011907098461}, {-5.228505727041566, 0.006557211171643512}}","{{0.1311604153604278, 0.0007355760887259765}, {-5.260337604109983, 0.006870835285433293}}","{{0.13490190303298324, 0.0007627073124037868}, {-5.292763830605461, 0.007132800709677077}}","{{0.13877392635956962, 0.0007727630716940706}, {-5.327612040544739, 0.00720292630985373}}","{{0.14239628336859875, 0.0008085534238405724}, {-5.361420705962346, 0.007501189551772331}}","{{0.14591599714347864, 0.0009108190353437483}, {-5.395444605786181, 0.008499162001849827}}","{{0.1493530870504823, 0.0010487609079933653}, {-5.42981550485622, 0.009972310661213015}}","{{0.1526651298173264, 0.0012140360046640683}, {-5.4640239995506805, 0.012020290902819294}}"
5,"{{0, 0}, {0, 0}}","{{0, 0}, {0, 0}}","{{0, 0}, {0, 0}}","{{0, 0}, {0, 0}}","{{0.09862362926118186, 0.0011355450761211805}, {-5.0300317065181375, 0.007743734707709103}}","{{0.09877186177906033, 0.0010293370367005982}, {-5.030871690786113, 0.007438856071924214}}","{{0.10058475319677146, 0.0009658397058889761}, {-5.041749039292385, 0.007213217109011969}}","{{0.10319824274075849, 0.0009048921978054743}, {-5.058301139737634, 0.007050140943704093}}","{{0.10643653680594024, 0.0008520903371093959}, {-5.079889766838844, 0.006879426450087576}}","{{0.11011816369687255, 0.0008197066760377213}, {-5.10566115507537, 0.006826341595100066}}","{{0.11393916094204014, 0.0007742457224020359}, {-5.133681801539935, 0.006662873979825774}}","{{0.11820202427129024, 0.0007204180611191637}, {-5.166363753730852, 0.0064854345046160495}}","{{0.12240020076048594, 0.0007031738887370431}, {-5.199949165644414, 0.006557755031871516}}","{{0.12637376437881984, 0.0007338087600340746}, {-5.2330621957971974, 0.006943628803337653}}","{{0.13032573436877518, 0.0007712244559292445}, {-5.267312602376811, 0.007423942820557108}}","{{0.1342647997586503, 0.0008037582759350538}, {-5.302764190885689, 0.007842162113788761}}","{{0.13809123453444994, 0.0008374864142252791}, {-5.338477582126485, 0.008233464680130517}}","{{0.14204859433917594, 0.0008520358935899701}, {-5.376732060238835, 0.008413879192366403}}","{{0.14571185593990207, 0.000893145503350821}, {-5.413364676246095, 0.008846803922137951}}","{{0.1492542520707354, 0.001003655926839283}, {-5.449969436264712, 0.010036111751416657}}","{{0.15270174565981734, 0.0011524437758230006}, {-5.486742701214917, 0.011757333325070722}}","{{0.15600965301906936, 0.0013292847551456685}, {-5.523110576114809, 0.014074806194585994}}"
6,"{{0, 0}, {0, 0}}","{{0, 0}, {0, 0}}","{{0, 0}, {0, 0}}","{{0, 0}, {0, 0}}","{{0, 0}, {0, 0}}","{{0.09863539429481838, 0.0011096407086418857}, {-5.029870929235008, 0.00823734795807334}}","{{0.10142296516350197, 0.001022526659095726}, {-5.048454735026226, 0.007839859596928357}}","{{0.10474656573839208, 0.000948278315647551}, {-5.071719939050458, 0.007622623678446181}}","{{0.10854818349275697, 0.0008947112150164209}, {-5.099598469249134, 0.007469341070921477}}","{{0.11267837615629399, 0.0008720213774278637}, {-5.131263279669586, 0.007528212243258772}}","{{0.11681456959789786, 0.0008271623945287453}, {-5.164352827202416, 0.007400341766510969}}","{{0.1213857561879009, 0.0007743424599971568}, {-5.202446048785775, 0.007276084791451298}}","{{0.12578682159161514, 0.0007680594535820627}, {-5.2405886156179635, 0.007499065638021089}}","{{0.1298671020803488, 0.0008085137166459374}, {-5.277311140016568, 0.00802495038140058}}","{{0.13389551078504255, 0.0008513467146780901}, {-5.314909621260375, 0.00861070238434454}}","{{0.13789138986316488, 0.0008866058597938383}, {-5.353536452348892, 0.0091067372549846}}","{{0.14174637387771918, 0.0009259253534858592}, {-5.392086292494436, 0.009620617189339592}}","{{0.14574402974397288, 0.0009433487129415051}, {-5.433395403112387, 0.00989491237221338}}","{{0.1494032696191906, 0.000989151223400482}, {-5.472427295114714, 0.010456929766696429}}","{{0.15292813427373472, 0.0011085161192106}, {-5.511200806314695, 0.011849210034707361}}","{{0.15635047357238127, 0.001269515459488727}, {-5.549987318366028, 0.013846062944593979}}","{{0.15962170428087555, 0.001459844474195786}, {-5.588127498827316, 0.01647152583580761}}"
7,"{{0, 0}, {0, 0}}","{{0, 0}, {0, 0}}","{{0, 0}, {0, 0}}","{{0, 0}, {0, 0}}","{{0, 0}, {0, 0}}","{{0, 0}, {0, 0}}","{{0.10352055658333889, 0.001121666009458467}, {-5.065934663524868, 0.008919362243264723}}","{{0.1074571617357563, 0.0010128396317810782}, {-5.096115303026735, 0.00849501690103356}}","{{0.11169518819292236, 0.0009514485187482112}, {-5.130019514684066, 0.0083013362286039}}","{{0.11615311017758273, 0.0009457112634809633}, {-5.167168864556237, 0.00854945829347234}}","{{0.12047829202498939, 0.0008995487537144972}, {-5.204653773900426, 0.008448105725130982}}","{{0.12527634465572254, 0.0008483373303695338}, {-5.247836247577023, 0.00839624215837752}}","{{0.1297908493785224, 0.0008546441275764804}, {-5.28997162498982, 0.008796791608104418}}","{{0.13388638040762235, 0.0009051526065722974}, {-5.329561758271122, 0.009469636806189279}}","{{0.13791644918093782, 0.0009534535543169723}, {-5.3698624460042765, 0.010167525938385581}}","{{0.14190815170609733, 0.0009887868921722364}, {-5.411110038764259, 0.010713517882276117}}","{{0.14573824682397823, 0.0010325453521327459}, {-5.45196438668832, 0.011344149516917527}}","{{0.14973672882166042, 0.001050333206366708}, {-5.495947688662825, 0.011684514991871202}}","{{0.15335150746988183, 0.0010990261716172873}, {-5.536915180009333, 0.012354949222239132}}","{{0.1568234504749073, 0.0012269846783779864}, {-5.577421181734634, 0.013952983701046256}}","{{0.16019014543208032, 0.0014007204463031562}, {-5.617821521220707, 0.016243954716028877}}","{{0.163397058851021, 0.001606203108885951}, {-5.657342332613315, 0.019216372909155774}}"
8,"{{0, 0}, {0, 0}}","{{0, 0}, {0, 0}}","{{0, 0}, {0, 0}}","{{0, 0}, {0, 0}}","{{0, 0}, {0, 0}}","{{0, 0}, {0, 0}}","{{0, 0}, {0, 0}}","{{0.11147074175949864, 0.0011665484239011168}, {-5.13357538324833, 0.010238556715179963}}","{{0.11582099143337572, 0.0010533325757828937}, {-5.1712775470885965, 0.009632666702106312}}","{{0.12041176091571627, 0.0010568857519276517}, {-5.212594472429662, 0.010026999204374838}}","{{0.12475911979955116, 0.0009983382046562152}, {-5.253169822012121, 0.00985886823326271}}","{{0.1297049509606162, 0.0009456136117411699}, {-5.300979523235751, 0.00986770824017452}}","{{0.1342409302878942, 0.0009625714841305921}, {-5.346339316508529, 0.01043648849650488}}","{{0.13825767245471127, 0.0010186053444052538}, {-5.387845652232308, 0.011206830443414131}}","{{0.14221949657327124, 0.0010694379999250671}, {-5.430105109496948, 0.011986223267428368}}","{{0.14615459094076308, 0.0011014893235035015}, {-5.473391147539353, 0.012541137653954723}}","{{0.149915295372514, 0.0011489912144780508}, {-5.516012464432537, 0.013285980356273748}}","{{0.1538863055931412, 0.0011695479643792442}, {-5.562340917006521, 0.013737648475063922}}","{{0.15742468450946812, 0.0012233870935850957}, {-5.60480146400244, 0.014561571805696248}}","{{0.16081646297655236, 0.0013643875998024016}, {-5.646633398429812, 0.016452123018330614}}","{{0.16410486824066656, 0.0015530060173780922}, {-5.68828653177526, 0.019089110891072167}}","{{0.16722732697427833, 0.0017767701848086265}, {-5.7288406709141215, 0.022477412148053884}}"
9,"{{0, 0}, {0, 0}}","{{0, 0}, {0, 0}}","{{0, 0}, {0, 0}}","{{0, 0}, {0, 0}}","{{0, 0}, {0, 0}}","{{0, 0}, {0, 0}}","{{0, 0}, {0, 0}}","{{0, 0}, {0, 0}}","{{0.11998204301921139, 0.001233783235483594}, {-5.214275080142236, 0.012061531442290984}}","{{0.1247876714498134, 0.0012170904136236565}, {-5.260729488304727, 0.012236031506424442}}","{{0.12912360967353795, 0.0011246185561678162}, {-5.304088870541968, 0.0117563977095579}}","{{0.1342632212636321, 0.0010711070625509813}, {-5.357198190306277, 0.011839887834439202}}","{{0.13879283174069873, 0.0011025866114918149}, {-5.4055140353949875, 0.012616997758168042}}","{{0.14267578408601764, 0.0011621759139126676}, {-5.448226511193499, 0.013454923011296797}}","{{0.14653621097952332, 0.001212630884968103}, {-5.49197801598656, 0.014282346843380195}}","{{0.1503949813392643, 0.0012368660746111247}, {-5.536997003516875, 0.014788609306775941}}","{{0.15406847014069627, 0.0012862686763691383}, {-5.581078869134055, 0.015631501268085247}}","{{0.1580091196033974, 0.0013088438034779511}, {-5.629680212507368, 0.01619637595023626}}","{{0.1614575854283508, 0.0013688199743480227}, {-5.673360779623445, 0.017203138653005257}}","{{0.16475777497374972, 0.0015240475112504822}, {-5.716263243713635, 0.019420155167296352}}","{{0.16795912600678592, 0.001727613842935643}, {-5.7589479241541115, 0.022419323084927452}}","{{0.17098872521679162, 0.001972129913114321}, {-5.800307237521874, 0.02628631972478185}}"
10,"{{0, 0}, {0, 0}}","{{0, 0}, {0, 0}}","{{0, 0}, {0, 0}}","{{0, 0}, {0, 0}}","{{0, 0}, {0, 0}}","{{0, 0}, {0, 0}}","{{0, 0}, {0, 0}}","{{0, 0}, {0, 0}}","{{0, 0}, {0, 0}}","{{0.12956763902018809, 0.0014521321613349685}, {-5.3149024541023095, 0.015257148091201437}}","{{0.1336815625705944, 0.0013016614264846195}, {-5.358784305306646, 0.01428183836466047}}","{{0.13905383763790258, 0.0012340754327545252}, {-5.417879331047035, 0.014344925622826899}}","{{0.1434964461492324, 0.0012721765367929563}, {-5.46822889417544, 0.015254646260747896}}","{{0.1471449236193478, 0.0013307450207589921}, {-5.51079446466012, 0.01610805584895488}}","{{0.15085317235289927, 0.0013826481546459434}, {-5.555293449462739, 0.017028033781871687}}","{{0.1546101224873868, 0.0013956930083453307}, {-5.601629167788087, 0.017452248682435716}}","{{0.15817528081948043, 0.0014476512798443195}, {-5.646787839994605, 0.018424033075319562}}","{{0.16208571915198483, 0.0014711101112837857}, {-5.697623538317161, 0.019105156639705922}}","{{0.16542949602299925, 0.001539318883641804}, {-5.742207229930686, 0.02035042719881741}}","{{0.16862634386851344, 0.0017101505813637877}, {-5.78589748381938, 0.022938057901317203}}","{{0.17173237806415984, 0.0019309876333724208}, {-5.829381962558428, 0.0263645647605215}}","{{0.17466114522634044, 0.0022008969331237093}, {-5.871307357706486, 0.03082578588155267}}"
11,"{{0, 0}, {0, 0}}","{{0, 0}, {0, 0}}","{{0, 0}, {0, 0}}","{{0, 0}, {0, 0}}","{{0, 0}, {0, 0}}","{{0, 0}, {0, 0}}","{{0, 0}, {0, 0}}","{{0, 0}, {0, 0}}","{{0, 0}, {0, 0}}","{{0, 0}, {0, 0}}","{{0.1380431616545416, 0.0015870635005894634}, {-5.412577360675328, 0.01842614633746518}}","{{0.14392077471352482, 0.0014758838483880828}, {-5.481149513030129, 0.01811477571334199}}","{{0.1481936517991387, 0.0014931771889493048}, {-5.532424038057493, 0.018771301329229974}}","{{0.15149255320932753, 0.0015324635716196645}, {-5.573110488783158, 0.01936971467888009}}","{{0.15501812169818313, 0.0015875060150512493}, {-5.617767689641999, 0.020418589283408173}}","{{0.15867307202997116, 0.001578698621327179}, {-5.665282043955242, 0.020609615725028275}}","{{0.16212761009306717, 0.001629427328838864}, {-5.711342551463189, 0.02166435303784547}}","{{0.1660296702373554, 0.001655708068330122}, {-5.764670706768463, 0.022512509728450238}}","{{0.16926432452394116, 0.0017362367842817788}, {-5.809955866780662, 0.024084107896340436}}","{{0.17235484226021722, 0.0019239117755696894}, {-5.854253287667283, 0.02707844674780937}}","{{0.17536511273339384, 0.0021625416141871656}, {-5.8984039212738715, 0.030958998302817408}}","{{0.1781917562217958, 0.0024617203289215303}, {-5.940742707283774, 0.03610391104692127}}"
12,"{{0, 0}, {0, 0}}","{{0, 0}, {0, 0}}","{{0, 0}, {0, 0}}","{{0, 0}, {0, 0}}","{{0, 0}, {0, 0}}","{{0, 0}, {0, 0}}","{{0, 0}, {0, 0}}","{{0, 0}, {0, 0}}","{{0, 0}, {0, 0}}","{{0, 0}, {0, 0}}","{{0, 0}, {0, 0}}","{{0.14904537424728745, 0.0019344583637414378}, {-5.549477506813629, 0.02505040700468295}}","{{0.15289239010883507, 0.0018394603897856742}, {-5.59820637439324, 0.02418868667081322}}","{{0.15563135675921685, 0.0018190053195855196}, {-5.633812940848203, 0.023965545095948847}}","{{0.15895251356106033, 0.0018662308604003907}, {-5.678095031539449, 0.025035603776689112}}","{{0.16252762345539498, 0.0018172118466074534}, {-5.726954866762019, 0.024747356910127943}}","{{0.1658821581779095, 0.0018508001682065874}, {-5.773918352877225, 0.025659847181361772}}","{{0.16981699877985182, 0.00187980915278088}, {-5.830317734838399, 0.02671192568713309}}","{{0.17294111821525532, 0.0019767469252861343}, {-5.876138153224316, 0.028715893391655804}}","{{0.17592504032334338, 0.0021818155967133317}, {-5.920896984845638, 0.03215521350331641}}","{{0.17884198953152822, 0.0024382063154762402}, {-5.965623539371138, 0.036519749528654805}}","{{0.18156681375127937, 0.0027695002921527827}, {-6.008243857873443, 0.0424415447531526}}"
13,"{{0, 0}, {0, 0}}","{{0, 0}, {0, 0}}","{{0, 0}, {0, 0}}","{{0, 0}, {0, 0}}","{{0, 0}, {0, 0}}","{{0, 0}, {0, 0}}","{{0, 0}, {0, 0}}","{{0, 0}, {0, 0}}","{{0, 0}, {0, 0}}","{{0, 0}, {0, 0}}","{{0, 0}, {0, 0}}","{{0, 0}, {0, 0}}","{{0.15791828071967703, 0.002410940956215474}, {-5.670244139815306, 0.032885868495566385}}","{{0.1595137853898258, 0.00225754616492718}, {-5.692049370307338, 0.030871788015559495}}","{{0.1626104334601647, 0.0022577193697426823}, {-5.7354024432920845, 0.031501286176083214}}","{{0.16615794001957646, 0.0021140733693610094}, {-5.786250037310319, 0.029935191461933117}}","{{0.16943367993018513, 0.0021117595722207616}, {-5.834294222665915, 0.030438345043793075}}","{{0.17346435024454412, 0.0021437249575943272}, {-5.894754277381295, 0.03175129077761977}}","{{0.1764721958956623, 0.0022611383651421004}, {-5.940874577365111, 0.03430053917215419}}","{{0.17934668688928623, 0.002485901853367839}, {-5.9859082695985535, 0.038255775417953615}}","{{0.1821718729415152, 0.0027596509013513067}, {-6.0311112464342145, 0.043126836827188916}}","{{0.184791968316984, 0.003127120331486923}, {-6.073822000709439, 0.049938212854724585}}"
14,"{{0, 0}, {0, 0}}","{{0, 0}, {0, 0}}","{{0, 0}, {0, 0}}","{{0, 0}, {0, 0}}","{{0, 0}, {0, 0}}","{{0, 0}, {0, 0}}","{{0, 0}, {0, 0}}","{{0, 0}, {0, 0}}","{{0, 0}, {0, 0}}","{{0, 0}, {0, 0}}","{{0, 0}, {0, 0}}","{{0, 0}, {0, 0}}","{{0, 0}, {0, 0}}","{{0.1610738772909098, 0.0028327856359883523}, {-5.715970779457292, 0.04010885539440489}}","{{0.16493880344587686, 0.002709494201872236}, {-5.772656363063479, 0.039240174925078405}}","{{0.16897396463476666, 0.002426859922148832}, {-5.833183780896821, 0.03570437664582539}}","{{0.17240294297718164, 0.0024229016053315456}, {-5.885761448813854, 0.036403440653849685}}","{{0.1767368725107888, 0.0024899162243727725}, {-5.953659678173699, 0.03858878898326954}}","{{0.17967854900812485, 0.002642161096494219}, {-6.0007265021310765, 0.04197492863505278}}","{{0.18247929286422937, 0.0028842073275505693}, {-6.046471985114116, 0.046426846277897005}}","{{0.1852429949319136, 0.0031746009095005153}, {-6.092533686242184, 0.05183015782253471}}","{{0.18777749724543727, 0.0035742954874824614}, {-6.135522931897474, 0.05950769557364325}}"
15,"{{0, 0}, {0, 0}}","{{0, 0}, {0, 0}}","{{0, 0}, {0, 0}}","{{0, 0}, {0, 0}}","{{0, 0}, {0, 0}}","{{0, 0}, {0, 0}}","{{0, 0}, {0, 0}}","{{0, 0}, {0, 0}}","{{0, 0}, {0, 0}}","{{0, 0}, {0, 0}}","{{0, 0}, {0, 0}}","{{0, 0}, {0, 0}}","{{0, 0}, {0, 0}}","{{0, 0}, {0, 0}}","{{0.16807086428528578, 0.00337013971283683}, {-5.823813356773827, 0.05118471429020926}}","{{0.17255757564891588, 0.0028423171712059587}, {-5.8941051681373615, 0.04391149383685233}}","{{0.17592470092264, 0.002843058928358253}, {-5.947979172516951, 0.044857237245352885}}","{{0.18052935431896266, 0.0029725467800763776}, {-6.023188511323554, 0.0484062918772919}}","{{0.18322794358463124, 0.003154341587916838}, {-6.068164999084696, 0.05253395777668468}}","{{0.1858415247606323, 0.0034024925806411094}, {-6.112595879076715, 0.05728645966588283}}","{{0.18847222019971624, 0.0036970886106130925}, {-6.158194600020838, 0.06301131478777881}}","{{0.19086255490842974, 0.004120904204379057}, {-6.200309142820316, 0.07144820248863283}}"
16,"{{0, 0}, {0, 0}}","{{0, 0}, {0, 0}}","{{0, 0}, {0, 0}}","{{0, 0}, {0, 0}}","{{0, 0}, {0, 0}}","{{0, 0}, {0, 0}}","{{0, 0}, {0, 0}}","{{0, 0}, {0, 0}}","{{0, 0}, {0, 0}}","{{0, 0}, {0, 0}}","{{0, 0}, {0, 0}}","{{0, 0}, {0, 0}}","{{0, 0}, {0, 0}}","{{0, 0}, {0, 0}}","{{0, 0}, {0, 0}}","{{0.17732560215336723, 0.0034606249755581553}, {-5.976750960881182, 0.056531258315944785}}","{{0.17999227681172592, 0.003475793053791931}, {-6.0211955385204945, 0.05772168405327474}}","{{0.18481176121094398, 0.003687449911176124}, {-6.103126773307203, 0.06300514491133727}}","{{0.18698241126783646, 0.003860621608158895}, {-6.140751374293336, 0.06720241356348204}}","{{0.18927002487035685, 0.00406432343248232}, {-6.181165881271205, 0.07131881442476974}}","{{0.19170126914177804, 0.004332624747232399}, {-6.2249282781567805, 0.07680765620104012}}","{{0.19389583001800895, 0.004768861188167032}, {-6.265019011824673, 0.08584555078235659}}"
17,"{{0, 0}, {0, 0}}","{{0, 0}, {0, 0}}","{{0, 0}, {0, 0}}","{{0, 0}, {0, 0}}","{{0, 0}, {0, 0}}","{{0, 0}, {0, 0}}","{{0, 0}, {0, 0}}","{{0, 0}, {0, 0}}","{{0, 0}, {0, 0}}","{{0, 0}, {0, 0}}","{{0, 0}, {0, 0}}","{{0, 0}, {0, 0}}","{{0, 0}, {0, 0}}","{{0, 0}, {0, 0}}","{{0, 0}, {0, 0}}","{{0, 0}, {0, 0}}","{{0.183078086944639, 0.004762514280152694}, {-6.077768724290568, 0.08283520155835701}}","{{0.18876440847699746, 0.0048372919541274815}, {-6.178227071362223, 0.08609235835777647}}","{{0.19022225965023806, 0.004852139745658016}, {-6.204468392480561, 0.0877104138322641}}","{{0.19219246165945986, 0.004912876291872084}, {-6.24058876264963, 0.08937039331526284}}","{{0.19448336521154075, 0.005093911541434847}, {-6.283352295621804, 0.09347798122863564}}","{{0.19652213781684677, 0.005525613407404373}, {-6.321922347466157, 0.10289201736930333}}"
18,"{{0, 0}, {0, 0}}","{{0, 0}, {0, 0}}","{{0, 0}, {0, 0}}","{{0, 0}, {0, 0}}","{{0, 0}, {0, 0}}","{{0, 0}, {0, 0}}","{{0, 0}, {0, 0}}","{{0, 0}, {0, 0}}","{{0, 0}, {0, 0}}","{{0, 0}, {0, 0}}","{{0, 0}, {0, 0}}","{{0, 0}, {0, 0}}","{{0, 0}, {0, 0}}","{{0, 0}, {0, 0}}","{{0, 0}, {0, 0}}","{{0, 0}, {0, 0}}","{{0, 0}, {0, 0}}","{{0.1931647574016813, 0.006670196224274468}, {-6.2633004839061, 0.12287635368218278}}","{{0.19315135969918867, 0.0060603761028277066}, {-6.263050393459576, 0.1130643326304903}}","{{0.19473800249251444, 0.005893716126739399}, {-6.293196606532763, 0.11062659716149552}}","{{0.19694402695094215, 0.0059832921150697466}, {-6.3358464127290315, 0.113356059327846}}","{{0.19885381597823668, 0.006443135761784447}, {-6.373219267016733, 0.12398539147199092}}"
19,"{{0, 0}, {0, 0}}","{{0, 0}, {0, 0}}","{{0, 0}, {0, 0}}","{{0, 0}, {0, 0}}","{{0, 0}, {0, 0}}","{{0, 0}, {0, 0}}","{{0, 0}, {0, 0}}","{{0, 0}, {0, 0}}","{{0, 0}, {0, 0}}","{{0, 0}, {0, 0}}","{{0, 0}, {0, 0}}","{{0, 0}, {0, 0}}","{{0, 0}, {0, 0}}","{{0, 0}, {0, 0}}","{{0, 0}, {0, 0}}","{{0, 0}, {0, 0}}","{{0, 0}, {0, 0}}","{{0, 0}, {0, 0}}","{{0.19589518348011076, 0.007655486400448847}, {-6.318841477004996, 0.14810271760663182}}","{{0.19690323577964894, 0.007157212109126832}, {-6.338666505562583, 0.13916235748149136}}","{{0.1991255767065982, 0.00716847910461848}, {-6.383113324101575, 0.1407796721431807}}","{{0.2009373690304652, 0.007689370321529205}, {-6.419751951849837, 0.15345806604638673}}"
20,"{{0, 0}, {0, 0}}","{{0, 0}, {0, 0}}","{{0, 0}, {0, 0}}","{{0, 0}, {0, 0}}","{{0, 0}, {0, 0}}","{{0, 0}, {0, 0}}","{{0, 0}, {0, 0}}","{{0, 0}, {0, 0}}","{{0, 0}, {0, 0}}","{{0, 0}, {0, 0}}","{{0, 0}, {0, 0}}","{{0, 0}, {0, 0}}","{{0, 0}, {0, 0}}","{{0, 0}, {0, 0}}","{{0, 0}, {0, 0}}","{{0, 0}, {0, 0}}","{{0, 0}, {0, 0}}","{{0, 0}, {0, 0}}","{{0, 0}, {0, 0}}","{{0.19573265708957419, 0.008658297517218349}, {-6.313694160174317, 0.17416564219835293}}","{{0.19965145782502236, 0.008767964405035637}, {-6.394682708706912, 0.17854654964868216}}","{{0.20195394600575897, 0.009396996227193366}, {-6.442794363289831, 0.1945603033580159}}"
21,"{{0, 0}, {0, 0}}","{{0, 0}, {0, 0}}","{{0, 0}, {0, 0}}","{{0, 0}, {0, 0}}","{{0, 0}, {0, 0}}","{{0, 0}, {0, 0}}","{{0, 0}, {0, 0}}","{{0, 0}, {0, 0}}","{{0, 0}, {0, 0}}","{{0, 0}, {0, 0}}","{{0, 0}, {0, 0}}","{{0, 0}, {0, 0}}","{{0, 0}, {0, 0}}","{{0, 0}, {0, 0}}","{{0, 0}, {0, 0}}","{{0, 0}, {0, 0}}","{{0, 0}, {0, 0}}","{{0, 0}, {0, 0}}","{{0, 0}, {0, 0}}","{{0, 0}, {0, 0}}","{{0.20405242974157758, 0.011425602555296512}, {-6.492971081509977, 0.24054447979016533}}","{{0.20528307254326597, 0.01171322736165806}, {-6.519364273652495, 0.25023371625110635}}"
22,"{{0, 0}, {0, 0}}","{{0, 0}, {0, 0}}","{{0, 0}, {0, 0}}","{{0, 0}, {0, 0}}","{{0, 0}, {0, 0}}","{{0, 0}, {0, 0}}","{{0, 0}, {0, 0}}","{{0, 0}, {0, 0}}","{{0, 0}, {0, 0}}","{{0, 0}, {0, 0}}","{{0, 0}, {0, 0}}","{{0, 0}, {0, 0}}","{{0, 0}, {0, 0}}","{{0, 0}, {0, 0}}","{{0, 0}, {0, 0}}","{{0, 0}, {0, 0}}","{{0, 0}, {0, 0}}","{{0, 0}, {0, 0}}","{{0, 0}, {0, 0}}","{{0, 0}, {0, 0}}","{{0, 0}, {0, 0}}","{{0.20702662328234636, 0.015663967065926765}, {-6.560047124231025, 0.3471411846458425}}"
